url_path,views_total,views_unique
/meetbryce/open-source-slack-ai,87,61
/meetbryce/open-source-slack-ai/tree/main/hackathon_2023,36,9
/meetbryce/open-source-slack-ai/blob/main/hackathon_2023/summarizer.py,17,7
/meetbryce/open-source-slack-ai/blob/main/hackathon_2023/handlers.py,16,5
/meetbryce/open-source-slack-ai/blob/main/hackathon_2023/slack_server.py,9,2
/meetbryce/open-source-slack-ai/blob/main/pyproject.toml,6,1
/meetbryce/open-source-slack-ai/blob/main/hackathon_2023/topic_analysis.py,5,2
/meetbryce/open-source-slack-ai/blob/main/hackathon_2023/utils.py,4,2
/meetbryce/open-source-slack-ai/blob/main/LICENSE.md,4,2
/meetbryce/open-source-slack-ai/tree/main,4,2
